date,imagename,height
12-02-01-15-00,NRmarshDN-12-02-01-15-00.jpg,23
12-02-01-18-15,NRmarshDN-12-02-01-18-15.jpg,20
12-02-02-03-00,NRmarshDN-12-02-02-03-00.jpg,21
12-02-02-04-45,NRmarshDN-12-02-02-04-45.jpg,31
12-02-02-07-32,NRmarshDN-12-02-02-07-32.jpg,25.2
12-02-02-08-30,NRmarshDN-12-02-02-08-30.jpg,18
12-02-02-18-00,NRmarshDN-12-02-02-18-00.jpg,19
12-02-03-05-15,NRmarshDN-12-02-03-05-15.jpg,38.2
12-02-03-06-45,NRmarshDN-12-02-03-06-45.jpg,41
12-02-03-09-30,NRmarshDN-12-02-03-09-30.jpg,25
12-02-03-17-15,NRmarshDN-12-02-03-17-15.jpg,37.5
12-02-03-19-30,NRmarshDN-12-02-03-19-30.jpg,34.3
12-02-04-04-00,NRmarshDN-12-02-04-04-00.jpg,25.4
12-02-04-07-30,NRmarshDN-12-02-04-07-30.jpg,48
12-02-04-09-00,NRmarshDN-12-02-04-09-00.jpg,40.1
12-02-04-12-00,NRmarshDN-12-02-04-12-00.jpg,14.7
12-02-04-18-00,NRmarshDN-12-02-04-18-00.jpg,46.6
12-02-04-19-15,NRmarshDN-12-02-04-19-15.jpg,54.3
12-02-04-22-30,NRmarshDN-12-02-04-22-30.jpg,25.2
12-02-05-04-15,NRmarshDN-12-02-05-04-15.jpg,19
12-02-05-06-30,NRmarshDN-12-02-05-06-30.jpg,56.2
12-02-05-08-00,NRmarshDN-12-02-05-08-00.jpg,68.2
12-02-05-09-45,NRmarshDN-12-02-05-09-45.jpg,49.8
12-02-05-12-30,NRmarshDN-12-02-05-12-30.jpg,18.9
12-02-05-18-00,NRmarshDN-12-02-05-18-00.jpg,31.2
12-02-05-20-00,NRmarshDN-12-02-05-20-00.jpg,52
12-02-05-23-15,NRmarshDN-12-02-05-23-15.jpg,22
12-02-06-06-00,NRmarshDN-12-02-06-06-00.jpg,50.3
12-02-06-09-00,NRmarshDN-12-02-06-09-00.jpg,80.2
12-02-06-11-45,NRmarshDN-12-02-06-11-45.jpg,47.9
12-02-06-14-30,NRmarshDN-12-02-06-14-30.jpg,19.8
12-02-06-17-30,NRmarshDN-12-02-06-17-30.jpg,36.7
12-02-06-19-30,NRmarshDN-12-02-06-19-30.jpg,68.6
12-02-06-22-15,NRmarshDN-12-02-06-22-15.jpg,48.9
12-02-07-00-45,NRmarshDN-12-02-07-00-45.jpg,26.2
12-02-07-06-30,NRmarshDN-12-02-07-06-30.jpg,44.5
12-02-07-09-15,NRmarshDN-12-02-07-09-15.jpg,79.5
12-02-07-12-15,NRmarshDN-12-02-07-12-15.jpg,50.2
12-02-07-15-15,NRmarshDN-12-02-07-15-15.jpg,18.6
12-02-07-18-00,NRmarshDN-12-02-07-18-00.jpg,28.6
12-02-07-20-00,NRmarshDN-12-02-07-20-00.jpg,65.7
12-02-07-22-15,NRmarshDN-12-02-07-22-15.jpg,70.6
12-02-08-00-30,NRmarshDN-12-02-08-00-30.jpg,36.9
12-02-08-06-45,NRmarshDN-12-02-08-06-45.jpg,30.7
12-02-08-08-15,NRmarshDN-12-02-08-08-15.jpg,63.1
12-02-08-10-45,NRmarshDN-12-02-08-10-45.jpg,78.9
12-02-08-13-00,NRmarshDN-12-02-08-13-00.jpg,45.7
12-02-08-15-00,NRmarshDN-12-02-08-15-00.jpg,22.8
12-02-08-20-00,NRmarshDN-12-02-08-20-00.jpg,39.7
12-02-08-21-15,NRmarshDN-12-02-08-21-15.jpg,62.2
12-02-09-00-15,NRmarshDN-12-02-09-00-15.jpg,43.7
12-02-09-08-00,NRmarshDN-12-02-09-08-00.jpg,38.3
12-02-09-10-30,NRmarshDN-12-02-09-10-30.jpg,74.75
12-02-09-13-30,NRmarshDN-12-02-09-13-30.jpg,56.25
12-02-09-15-45,NRmarshDN-12-02-09-15-45.jpg,24.75
12-02-09-19-45,NRmarshDN-12-02-09-19-45.jpg,37
12-02-09-22-15,NRmarshDN-12-02-09-22-15.jpg,77.25
12-02-10-01-45,NRmarshDN-12-02-10-01-45.jpg,60.25
12-02-10-02-00,NRmarshDN-12-02-10-02-00.jpg,54
12-02-10-08-00,NRmarshDN-12-02-10-08-00.jpg,38.5
12-02-10-09-30,NRmarshDN-12-02-10-09-30.jpg,27
12-02-10-13-15,NRmarshDN-12-02-10-13-15.jpg,75.75
12-02-10-14-30,NRmarshDN-12-02-10-14-30.jpg,50.25
12-02-10-16-15,NRmarshDN-12-02-10-16-15.jpg,26.5
12-02-10-20-30,NRmarshDN-12-02-10-20-30.jpg,35.9
12-02-10-22-15,NRmarshDN-12-02-10-22-15.jpg,68.5
12-02-11-00-30,NRmarshDN-12-02-11-00-30.jpg,82.1
12-02-11-04-00,NRmarshDN-12-02-11-04-00.jpg,35
12-02-11-05-30,NRmarshDN-12-02-11-05-30.jpg,20.5
12-02-11-09-15,NRmarshDN-12-02-11-09-15.jpg,44.1
12-02-11-10-30,NRmarshDN-12-02-11-10-30.jpg,66.75
12-02-11-13-00,NRmarshDN-12-02-11-13-00.jpg,80
12-02-11-16-00,NRmarshDN-12-02-11-16-00.jpg,35
12-02-11-23-15,NRmarshDN-12-02-11-23-15.jpg,40
12-02-12-01-45,NRmarshDN-12-02-12-01-45.jpg,27.5
12-02-12-12-15,NRmarshDN-12-02-12-12-15.jpg,41
12-02-12-15-15,NRmarshDN-12-02-12-15-15.jpg,39
12-02-12-22-30,NRmarshDN-12-02-12-22-30.jpg,36.1
12-02-13-01-15,NRmarshDN-12-02-13-01-15.jpg,74.5
12-02-13-04-00,NRmarshDN-12-02-13-04-00.jpg,49.75
12-02-13-06-30,NRmarshDN-12-02-13-06-30.jpg,21.25
12-02-13-11-15,NRmarshDN-12-02-13-11-15.jpg,40.2
12-02-13-13-30,NRmarshDN-12-02-13-13-30.jpg,72.1
12-02-13-16-46,NRmarshDN-12-02-13-16-46.jpg,38.6
12-02-13-18-30,NRmarshDN-12-02-13-18-30.jpg,20.1
12-02-13-23-30,NRmarshDN-12-02-13-23-30.jpg,31
12-02-14-01-45,NRmarshDN-12-02-14-01-45.jpg,70.6
12-02-15-04-45,NRmarshDN-12-02-15-04-45.jpg,57.5
12-02-14-07-00,NRmarshDN-12-02-14-07-00.jpg,27.25
12-02-14-12-00,NRmarshDN-12-02-14-12-00.jpg,34.5
12-02-14-15-00,NRmarshDN-12-02-14-15-00.jpg,68.5
12-02-14-17-00,NRmarshDN-12-02-14-17-00.jpg,42.5
12-02-14-19-00,NRmarshDN-12-02-14-19-00.jpg,21
12-02-15-00-45,NRmarshDN-12-02-15-00-45.jpg,31.75
12-02-15-03-15,NRmarshDN-12-02-15-03-15.jpg,71.1
12-02-15-06-00,NRmarshDN-12-02-15-06-00.jpg,44.5
12-02-15-08-00,NRmarshDN-12-02-15-08-00.jpg,22.6
12-02-15-13-45,NRmarshDN-12-02-15-13-45.jpg,26.75
12-02-15-16-00,NRmarshDN-12-02-15-16-00.jpg,49.4
12-02-15-18-15,NRmarshDN-12-02-15-18-15.jpg,28.25
12-02-16-02-00,NRmarshDN-12-02-16-02-00.jpg,30
12-02-16-03-45,NRmarshDN-12-02-16-03-45.jpg,61.25
12-02-16-07-30,NRmarshDN-12-02-16-07-30.jpg,41.25
12-02-16-09-00,NRmarshDN-12-02-16-09-00.jpg,25.8
12-02-16-14-15,NRmarshDN-12-02-16-14-15.jpg,36
12-02-16-16-45,NRmarshDN-12-02-16-16-45.jpg,69
12-02-16-19-30,NRmarshDN-12-02-16-19-30.jpg,40.5
12-02-17-02-45,NRmarshDN-12-02-17-02-45.jpg,27.5
12-02-17-05-30,NRmarshDN-12-02-17-05-30.jpg,68
12-02-17-07-45,NRmarshDN-12-02-17-07-45.jpg,53.25
12-02-17-09-45,NRmarshDN-12-02-17-09-45.jpg,38
12-02-17-15-15,NRmarshDN-12-02-17-15-15.jpg,28
12-02-17-17-45,NRmarshDN-12-02-17-17-45.jpg,63.1
12-02-17-20-15,NRmarshDN-12-02-17-20-15.jpg,42.5
12-02-18-03-30,NRmarshDN-12-02-18-03-30.jpg,31.25
12-02-18-06-00,NRmarshDN-12-02-18-06-00.jpg,74.25
12-02-18-09-00,NRmarshDN-12-02-18-09-00.jpg,65
12-02-18-11-15,NRmarshDN-12-02-18-11-15.jpg,33
12-02-18-15-30,NRmarshDN-12-02-18-15-30.jpg,23.5
12-02-18-18-15,NRmarshDN-12-02-18-18-15.jpg,64.25
12-02-18-21-00,NRmarshDN-12-02-18-21-00.jpg,48
12-02-18-23-15,NRmarshDN-12-02-18-23-15.jpg,22.75
12-02-19-04-45,NRmarshDN-12-02-19-04-45.jpg,34
12-02-19-07-00,NRmarshDN-12-02-19-07-00.jpg,72.5
12-02-19-09-45,NRmarshDN-12-02-19-09-45.jpg,55
12-02-19-12-00,NRmarshDN-12-02-19-12-00.jpg,30.3
12-02-19-17-45,NRmarshDN-12-02-19-17-45.jpg,29.75
12-02-19-20-00,NRmarshDN-12-02-19-20-00.jpg,58
12-02-19-22-15,NRmarshDN-12-02-19-22-15.jpg,37.25
12-02-20-06-30,NRmarshDN-12-02-20-06-30.jpg,25.8
12-02-20-08-15,NRmarshDN-12-02-20-08-15.jpg,63
12-02-20-10-45,NRmarshDN-12-02-20-10-45.jpg,48
12-02-20-13-00,NRmarshDN-12-02-20-13-00.jpg,23.5
12-02-20-17-45,NRmarshDN-12-02-20-17-45.jpg,27.9
12-02-20-20-15,NRmarshDN-12-02-20-20-15.jpg,75.75
12-02-21-02-15,NRmarshDN-12-02-21-02-15.jpg,25
12-02-21-06-45,NRmarshDN-12-02-21-06-45.jpg,53.5
12-02-21-09-30,NRmarshDN-12-02-21-09-30.jpg,82
12-02-21-12-15,NRmarshDN-12-02-21-12-15.jpg,63.75
12-02-21-14-30,NRmarshDN-12-02-21-14-30.jpg,29.5
12-02-21-17-15,NRmarshDN-12-02-21-17-15.jpg,23
12-02-21-19-30,NRmarshDN-12-02-21-19-30.jpg,61.9
12-02-21-22-15,NRmarshDN-12-02-21-22-15.jpg,80.5
12-02-22-00-30,NRmarshDN-12-02-22-00-30.jpg,48.75
12-02-22-02-30,NRmarshDN-12-02-22-02-30.jpg,23
12-02-22-07-45,NRmarshDN-12-02-22-07-45.jpg,40.75
12-02-22-10-15,NRmarshDN-12-02-22-10-15.jpg,74.6
12-02-22-13-00,NRmarshDN-12-02-22-13-00.jpg,41.5
12-02-22-15-00,NRmarshDN-12-02-22-15-00.jpg,23.25
12-02-22-18-45,NRmarshDN-12-02-22-18-45.jpg,30
12-02-22-20-45,NRmarshDN-12-02-22-20-45.jpg,64.25
12-02-23-00-00,NRmarshDN-12-02-23-00-00.jpg,71.25
12-02-23-01-45,NRmarshDN-12-02-23-01-45.jpg,40.25
12-02-23-03-45,NRmarshDN-12-02-23-03-45.jpg,21
12-02-23-07-15,NRmarshDN-12-02-23-07-15.jpg,20.75
12-02-23-09-15,NRmarshDN-12-02-23-09-15.jpg,55.75
12-02-23-11-30,NRmarshDN-12-02-23-11-30.jpg,72.75
12-02-23-13-45,NRmarshDN-12-02-23-13-45.jpg,39.5
12-02-23-19-30,NRmarshDN-12-02-23-19-30.jpg,30
12-02-23-21-30,NRmarshDN-12-02-23-21-30.jpg,60
12-02-23-23-45,NRmarshDN-12-02-23-23-45.jpg,69.1
12-02-24-02-45,NRmarshDN-12-02-24-02-45.jpg,31.25
12-02-24-05-00,NRmarshDN-12-02-24-05-00.jpg,18
12-02-24-07-45,NRmarshDN-12-02-24-07-45.jpg,27
12-02-24-10-00,NRmarshDN-12-02-24-10-00.jpg,59.25
12-02-24-13-00,NRmarshDN-12-02-24-13-00.jpg,69.25
12-02-24-15-00,NRmarshDN-12-02-24-15-00.jpg,38.5
12-02-24-20-00,NRmarshDN-12-02-24-20-00.jpg,29.75
12-02-24-22-45,NRmarshDN-12-02-24-22-45.jpg,61.75
12-02-25-01-00,NRmarshDN-12-02-25-01-00.jpg,43.6
12-02-25-10-45,NRmarshDN-12-02-25-10-45.jpg,24.5
12-02-25-13-30,NRmarshDN-12-02-25-13-30.jpg,26.5
12-02-25-23-00,NRmarshDN-12-02-25-23-00.jpg,32
12-02-26-01-15,NRmarshDN-12-02-26-01-15.jpg,36.25
12-02-26-10-00,NRmarshDN-12-02-26-10-00.jpg,20.75
12-02-26-12-00,NRmarshDN-12-02-26-12-00.jpg,47.25
12-02-26-14-45,NRmarshDN-12-02-26-14-45.jpg,26.5
12-02-27-11-15,NRmarshDN-12-02-27-11-15.jpg,20.9
12-02-27-13-15,NRmarshDN-12-02-27-13-15.jpg,39
12-02-27-23-45,NRmarshDN-12-02-27-23-45.jpg,23
12-02-28-01-45,NRmarshDN-12-02-28-01-45.jpg,43.5
12-02-28-03-45,NRmarshDN-12-02-28-03-45.jpg,23.75
12-02-28-14-00,NRmarshDN-12-02-28-14-00.jpg,28.5
12-02-29-12-45,NRmarshDN-12-02-29-12-45.jpg,35.5
12-02-29-15-15,NRmarshDN-12-02-29-15-15.jpg,44.75
12-02-29-17-45,NRmarshDN-12-02-29-17-45.jpg,24.5
12-02-29-23-15,NRmarshDN-12-02-29-23-15.jpg,15.75
12-03-01-00-45,NRmarshDN-12-03-01-00-45.jpg,32.75
12-03-01-03-15,NRmarshDN-12-03-01-03-15.jpg,59.25
12-03-01-06-00,NRmarshDN-12-03-01-06-00.jpg,35
12-03-01-13-30,NRmarshDN-12-03-01-13-30.jpg,28
12-03-01-15-45,NRmarshDN-12-03-01-15-45.jpg,41
12-03-01-18-30,NRmarshDN-12-03-01-18-30.jpg,25.25
12-03-02-01-45,NRmarshDN-12-03-02-01-45.jpg,26.25
12-03-02-04-30,NRmarshDN-12-03-02-04-30.jpg,48.25
12-03-02-07-00,NRmarshDN-12-03-02-07-00.jpg,27.5
12-03-02-14-45,NRmarshDN-12-03-02-14-45.jpg,44.75
12-03-02-16-45,NRmarshDN-12-03-02-16-45.jpg,53.25
12-03-02-19-30,NRmarshDN-12-03-02-19-30.jpg,31
12-03-02-21-30,NRmarshDN-12-03-02-21-30.jpg,20
12-03-03-00-30,NRmarshDN-12-03-03-00-30.jpg,26
12-03-03-03-00,NRmarshDN-12-03-03-03-00.jpg,54
12-03-03-05-15,NRmarshDN-12-03-03-05-15.jpg,72
12-03-03-08-00,NRmarshDN-12-03-03-08-00.jpg,52.5
12-03-03-11-00,NRmarshDN-12-03-03-11-00.jpg,22.5
12-03-03-13-15,NRmarshDN-12-03-03-13-15.jpg,23.75
12-03-03-15-30,NRmarshDN-12-03-03-15-30.jpg,48.5
12-03-03-17-45,NRmarshDN-12-03-03-17-45.jpg,55.25
12-03-03-20-03,NRmarshDN-12-03-03-20-03.jpg,33
12-03-03-21-30,NRmarshDN-12-03-03-21-30.jpg,25
12-03-04-02-00,NRmarshDN-12-03-04-02-00.jpg,31.25
12-03-04-04-00,NRmarshDN-12-03-04-04-00.jpg,57.5
12-03-04-06-45,NRmarshDN-12-03-04-06-45.jpg,58.75
12-03-04-08-45,NRmarshDN-12-03-04-08-45.jpg,54.8
12-03-04-11-30,NRmarshDN-12-03-04-11-30.jpg,34.5
12-03-04-14-30,NRmarshDN-12-03-04-14-30.jpg,27.5
12-03-04-16-45,NRmarshDN-12-03-04-16-45.jpg,70
12-03-04-19-15,NRmarshDN-12-03-04-19-15.jpg,79
12-03-04-22-00,NRmarshDN-12-03-04-22-00.jpg,41.25
12-03-05-00-00,NRmarshDN-12-03-05-00-00.jpg,25.5
12-03-05-02-45,NRmarshDN-12-03-05-02-45.jpg,25.75
12-03-05-07-15,NRmarshDN-12-03-05-07-15.jpg,80
12-03-05-10-00,NRmarshDN-12-03-05-10-00.jpg,77
12-03-05-12-15,NRmarshDN-12-03-05-12-15.jpg,54.9
12-03-05-15-15,NRmarshDN-12-03-05-15-15.jpg,19
12-03-05-18-45,NRmarshDN-12-03-05-18-45.jpg,32.5
12-03-05-20-30,NRmarshDN-12-03-05-20-30.jpg,40
12-03-05-22-15,NRmarshDN-12-03-05-22-15.jpg,24.25
12-03-06-05-30,NRmarshDN-12-03-06-05-30.jpg,33
12-03-06-08-30,NRmarshDN-12-03-06-08-30.jpg,61.25
12-03-06-11-00,NRmarshDN-12-03-06-11-00.jpg,29.75
12-03-06-18-15,NRmarshDN-12-03-06-18-15.jpg,45.25
12-03-06-20-45,NRmarshDN-12-03-06-20-45.jpg,66.25
12-03-06-23-30,NRmarshDN-12-03-06-23-30.jpg,27
12-03-07-06-45,NRmarshDN-12-03-07-06-45.jpg,39.25
12-03-07-09-15,NRmarshDN-12-03-07-09-15.jpg,57.25
12-03-07-12-15,NRmarshDN-12-03-07-12-15.jpg,21
12-03-07-19-15,NRmarshDN-12-03-07-19-15.jpg,42.3
12-03-07-22-00,NRmarshDN-12-03-07-22-00.jpg,52
12-03-08-00-30,NRmarshDN-12-03-08-00-30.jpg,20.25
12-03-08-07-45,NRmarshDN-12-03-08-07-45.jpg,41.5
12-03-08-10-00,NRmarshDN-12-03-08-10-00.jpg,64.75
12-03-08-12-15,NRmarshDN-12-03-08-12-15.jpg,32
12-03-08-20-00,NRmarshDN-12-03-08-20-00.jpg,37.5
12-03-08-22-15,NRmarshDN-12-03-08-22-15.jpg,67.75
12-03-09-01-00,NRmarshDN-12-03-09-01-00.jpg,30.25
12-03-09-08-30,NRmarshDN-12-03-09-08-30.jpg,39.75
12-03-09-11-15,NRmarshDN-12-03-09-11-15.jpg,56
12-03-09-13-30,NRmarshDN-12-03-09-13-30.jpg,21
12-03-09-21-00,NRmarshDN-12-03-09-21-00.jpg,35
12-03-09-23-45,NRmarshDN-12-03-09-23-45.jpg,63.5
12-03-10-09-15,NRmarshDN-12-03-10-09-15.jpg,32.25
12-03-10-11-30,NRmarshDN-12-03-10-11-30.jpg,55.25
12-03-10-13-45,NRmarshDN-12-03-10-13-45.jpg,29
12-03-10-21-15,NRmarshDN-12-03-10-21-15.jpg,35.5
12-03-11-00-00,NRmarshDN-12-03-11-00-00.jpg,76.25
12-03-11-02-30,NRmarshDN-12-03-11-02-30.jpg,40
12-03-11-11-00,NRmarshDN-12-03-11-11-00.jpg,57
12-03-11-13-00,NRmarshDN-12-03-11-13-00.jpg,46.8
12-03-11-15-15,NRmarshDN-12-03-11-15-15.jpg,21
12-03-11-22-45,NRmarshDN-12-03-11-22-45.jpg,51.25
12-03-12-01-16,NRmarshDN-12-03-12-01-16.jpg,68.75
12-03-12-03-30,NRmarshDN-12-03-12-03-30.jpg,33
12-03-12-10-45,NRmarshDN-12-03-12-10-45.jpg,36
12-03-12-13-30,NRmarshDN-12-03-12-13-30.jpg,55
12-03-12-16-15,NRmarshDN-12-03-12-16-15.jpg,20.25
12-03-13-00-00,NRmarshDN-12-03-13-00-00.jpg,55.75
12-03-13-02-15,NRmarshDN-12-03-13-02-15.jpg,67.25
12-03-13-04-31,NRmarshDN-12-03-13-04-31.jpg,32.25
12-03-13-12-00,NRmarshDN-12-03-13-12-00.jpg,36.8
12-03-13-14-45,NRmarshDN-12-03-13-14-45.jpg,46.25
12-03-14-00-45,NRmarshDN-12-03-14-00-45.jpg,44.5
12-03-14-03-30,NRmarshDN-12-03-14-03-30.jpg,55.5
12-03-14-05-30,NRmarshDN-12-03-14-05-30.jpg,28
12-03-14-13-15,NRmarshDN-12-03-14-13-15.jpg,34.75
12-03-14-16-00,NRmarshDN-12-03-14-16-00.jpg,35
12-03-14-17-45,NRmarshDN-12-03-14-17-45.jpg,18.25
12-03-15-01-45,NRmarshDN-12-03-15-01-45.jpg,43
12-03-15-04-15,NRmarshDN-12-03-15-04-15.jpg,58.6
12-03-15-07-00,NRmarshDN-12-03-15-07-00.jpg,24
12-03-15-13-45,NRmarshDN-12-03-15-13-45.jpg,29
12-03-15-16-30,NRmarshDN-12-03-15-16-30.jpg,42.25
12-03-16-02-45,NRmarshDN-12-03-16-02-45.jpg,39.25
12-03-16-04-15,NRmarshDN-12-03-16-04-15.jpg,57
12-03-16-07-45,NRmarshDN-12-03-16-07-45.jpg,23.75
12-03-16-15-15,NRmarshDN-12-03-16-15-15.jpg,35.75
12-03-16-18-15,NRmarshDN-12-03-16-18-15.jpg,42
12-03-16-20-15,NRmarshDN-12-03-16-20-15.jpg,21.25
12-03-17-03-00,NRmarshDN-12-03-17-03-00.jpg,28
12-03-17-05-45,NRmarshDN-12-03-17-05-45.jpg,63.25
12-03-17-08-45,NRmarshDN-12-03-17-08-45.jpg,27.75
12-03-17-16-00,NRmarshDN-12-03-17-16-00.jpg,39.25
12-03-17-19-00,NRmarshDN-12-03-17-19-00.jpg,49
12-03-17-21-45,NRmarshDN-12-03-17-21-45.jpg,20.5
12-03-18-10-00,NRmarshDN-12-03-18-10-00.jpg,29.75
12-03-18-16-45,NRmarshDN-12-03-18-16-45.jpg,38
12-03-18-19-30,NRmarshDN-12-03-18-19-30.jpg,60
12-03-18-22-15,NRmarshDN-12-03-18-22-15.jpg,24.75
12-03-19-05-30,NRmarshDN-12-03-19-05-30.jpg,45
12-03-19-08-00,NRmarshDN-12-03-19-08-00.jpg,64.5
12-03-19-10-45,NRmarshDN-12-03-19-10-45.jpg,27.5
12-03-19-16-30,NRmarshDN-12-03-19-16-30.jpg,22
12-03-19-18-45,NRmarshDN-12-03-19-18-45.jpg,57.25
12-03-19-21-00,NRmarshDN-12-03-19-21-00.jpg,52
12-03-19-23-15,NRmarshDN-12-03-19-23-15.jpg,23.5
12-03-20-06-15,NRmarshDN-12-03-20-06-15.jpg,40.25
12-03-20-09-00,NRmarshDN-12-03-20-09-00.jpg,59.25
12-03-20-11-45,NRmarshDN-12-03-20-11-45.jpg,26.75
12-03-20-17-30,NRmarshDN-12-03-20-17-30.jpg,22.9
12-03-20-19-30,NRmarshDN-12-03-20-19-30.jpg,57.5
12-03-20-22-15,NRmarshDN-12-03-20-22-15.jpg,48
12-03-21-00-15,NRmarshDN-12-03-21-00-15.jpg,22
12-03-21-07-15,NRmarshDN-12-03-21-07-15.jpg,38.25
12-03-21-10-00,NRmarshDN-12-03-21-10-00.jpg,50.25
12-03-21-13-00,NRmarshDN-12-03-21-13-00.jpg,29.75
12-03-21-19-45,NRmarshDN-12-03-21-19-45.jpg,43.5
12-03-21-22-45,NRmarshDN-12-03-21-22-45.jpg,43
12-03-22-07-00,NRmarshDN-12-03-22-07-00.jpg,26.5
12-03-22-09-00,NRmarshDN-12-03-22-09-00.jpg,56.75
12-03-22-11-15,NRmarshDN-12-03-22-11-15.jpg,43
12-03-22-13-30,NRmarshDN-12-03-22-13-30.jpg,20.5
12-03-22-20-45,NRmarshDN-12-03-22-20-45.jpg,50.5
12-03-22-23-30,NRmarshDN-12-03-22-23-30.jpg,45
12-03-23-09-00,NRmarshDN-12-03-23-09-00.jpg,46.25
12-03-23-12-00,NRmarshDN-12-03-23-12-00.jpg,39.6
12-03-23-21-30,NRmarshDN-12-03-23-21-30.jpg,59.75
12-03-24-00-30,NRmarshDN-12-03-24-00-30.jpg,46.25
12-03-24-08-15,NRmarshDN-12-03-24-08-15.jpg,27
12-03-24-10-45,NRmarshDN-12-03-24-10-45.jpg,58.5
12-03-24-13-00,NRmarshDN-12-03-24-13-00.jpg,40
12-03-24-15-15,NRmarshDN-12-03-24-15-15.jpg,16.5
12-03-24-20-45,NRmarshDN-12-03-24-20-45.jpg,42.25
12-03-24-23-15,NRmarshDN-12-03-24-23-15.jpg,69
12-03-25-01-45,NRmarshDN-12-03-25-01-45.jpg,45
12-03-25-04-00,NRmarshDN-12-03-25-04-00.jpg,20
12-03-25-09-00,NRmarshDN-12-03-25-09-00.jpg,41.5
12-03-25-11-30,NRmarshDN-12-03-25-11-30.jpg,65
12-03-25-14-00,NRmarshDN-12-03-25-14-00.jpg,32
12-03-25-21-00,NRmarshDN-12-03-25-21-00.jpg,40.5
12-03-25-23-30,NRmarshDN-12-03-25-23-30.jpg,70
12-03-26-02-30,NRmarshDN-12-03-26-02-30.jpg,39.5
12-03-26-09-30,NRmarshDN-12-03-26-09-30.jpg,32.25
12-03-26-12-00,NRmarshDN-12-03-26-12-00.jpg,56
12-03-26-15-00,NRmarshDN-12-03-26-15-00.jpg,32
12-03-26-20-15,NRmarshDN-12-03-26-20-15.jpg,35.5
12-03-26-22-45,NRmarshDN-12-03-26-22-45.jpg,72.75
12-03-27-01-16,NRmarshDN-12-03-27-01-16.jpg,78.75
12-03-27-03-45,NRmarshDN-12-03-27-03-45.jpg,46
12-03-27-06-30,NRmarshDN-12-03-27-06-30.jpg,20.5
12-03-27-10-45,NRmarshDN-12-03-27-10-45.jpg,47
12-03-27-13-30,NRmarshDN-12-03-27-13-30.jpg,57.5
12-03-27-16-30,NRmarshDN-12-03-27-16-30.jpg,26.8
12-03-27-21-00,NRmarshDN-12-03-27-21-00.jpg,32
12-03-27-23-30,NRmarshDN-12-03-27-23-30.jpg,70.1
12-03-28-02-30,NRmarshDN-12-03-28-02-30.jpg,68.25
12-03-28-04-45,NRmarshDN-12-03-28-04-45.jpg,37.25
12-03-28-07-30,NRmarshDN-12-03-28-07-30.jpg,16.5
12-03-28-10-10,NRmarshDN-12-03-28-10-10.jpg,36
12-03-28-12-30,NRmarshDN-12-03-28-12-30.jpg,63
12-03-28-14-45,NRmarshDN-12-03-28-14-45.jpg,57
12-03-28-17-15,NRmarshDN-12-03-28-17-15.jpg,30.5
12-03-28-20-15,NRmarshDN-12-03-28-20-15.jpg,17
12-03-28-22-45,NRmarshDN-12-03-28-22-45.jpg,40.75
12-03-29-01-15,NRmarshDN-12-03-29-01-15.jpg,65
12-03-29-02-45,NRmarshDN-12-03-29-02-45.jpg,59
12-03-29-13-15,NRmarshDN-12-03-29-13-15.jpg,37
12-03-29-15-30,NRmarshDN-12-03-29-15-30.jpg,30.25
12-03-29-23-00,NRmarshDN-12-03-29-23-00.jpg,25.75
12-03-30-01-30,NRmarshDN-12-03-30-01-30.jpg,63.5
12-03-30-04-30,NRmarshDN-12-03-30-04-30.jpg,49
12-03-30-10-45,NRmarshDN-12-03-30-10-45.jpg,21.75
12-03-30-14-00,NRmarshDN-12-03-30-14-00.jpg,61
12-03-30-17-00,NRmarshDN-12-03-30-17-00.jpg,39
12-03-30-19-30,NRmarshDN-12-03-30-19-30.jpg,21
12-03-30-22-00,NRmarshDN-12-03-30-22-00.jpg,14.75
12-03-31-00-30,NRmarshDN-12-03-31-00-30.jpg,51.5
12-03-31-02-45,NRmarshDN-12-03-31-02-45.jpg,74.75
12-03-31-05-15,NRmarshDN-12-03-31-05-15.jpg,63.75
12-03-31-07-30,NRmarshDN-12-03-31-07-30.jpg,34.9
12-03-31-10-15,NRmarshDN-12-03-31-10-15.jpg,19.5
12-03-31-13-00,NRmarshDN-12-03-31-13-00.jpg,42.25
12-04-01-00-45,NRmarshDN-12-04-01-00-45.jpg,36.25
12-04-01-05-30,NRmarshDN-12-04-01-05-30.jpg,66.7
12-04-01-08-30,NRmarshDN-12-04-01-08-30.jpg,36.75
12-04-01-11-15,NRmarshDN-12-04-01-11-15.jpg,17
12-04-01-13-15,NRmarshDN-12-04-01-13-15.jpg,41.5
12-04-01-15-45,NRmarshDN-12-04-01-15-45.jpg,74.25
12-04-01-18-30,NRmarshDN-12-04-01-18-30.jpg,73.75
12-04-01-21-00,NRmarshDN-12-04-01-21-00.jpg,41.5
12-04-01-23-45,NRmarshDN-12-04-01-23-45.jpg,31.5
12-04-02-02-15,NRmarshDN-12-04-02-02-15.jpg,52.25
12-04-02-04-45,NRmarshDN-12-04-02-04-45.jpg,81.25
12-04-02-07-15,NRmarshDN-12-04-02-07-15.jpg,78.5
12-04-02-09-30,NRmarshDN-12-04-02-09-30.jpg,38
12-04-02-14-30,NRmarshDN-12-04-02-14-30.jpg,26.75
12-04-02-17-00,NRmarshDN-12-04-02-17-00.jpg,69.8
12-04-02-19-15,NRmarshDN-12-04-02-19-15.jpg,77.5
12-04-02-21-45,NRmarshDN-12-04-02-21-45.jpg,47
12-04-03-00-15,NRmarshDN-12-04-03-00-15.jpg,24
12-04-03-06-45,NRmarshDN-12-04-03-06-45.jpg,84.25
12-04-03-09-15,NRmarshDN-12-04-03-09-15.jpg,62.75
12-04-03-11-00,NRmarshDN-12-04-03-11-00.jpg,35
12-04-03-13-45,NRmarshDN-12-04-03-13-45.jpg,25.5
12-04-03-15-45,NRmarshDN-12-04-03-15-45.jpg,56.5
12-04-03-18-15,NRmarshDN-12-04-03-18-15.jpg,80.2
12-04-03-21-45,NRmarshDN-12-04-03-21-45.jpg,69
12-04-03-23-30,NRmarshDN-12-04-03-23-30.jpg,37
12-04-04-02-00,NRmarshDN-12-04-04-02-00.jpg,28.75
12-04-04-04-15,NRmarshDN-12-04-04-04-15.jpg,55.5
12-04-04-06-30,NRmarshDN-12-04-04-06-30.jpg,79.25
12-04-04-10-00,NRmarshDN-12-04-04-10-00.jpg,69.75
12-04-04-12-00,NRmarshDN-12-04-04-12-00.jpg,35.75
12-04-04-14-30,NRmarshDN-12-04-04-14-30.jpg,23.25
12-04-04-16-45,NRmarshDN-12-04-04-16-45.jpg,58.25
12-04-04-19-15,NRmarshDN-12-04-04-19-15.jpg,82
12-04-04-22-30,NRmarshDN-12-04-04-22-30.jpg,86.5
12-04-05-00-30,NRmarshDN-12-04-05-00-30.jpg,36.75
12-04-05-01-45,NRmarshDN-12-04-05-01-45.jpg,23.25
12-04-05-04-45,NRmarshDN-12-04-05-04-45.jpg,39.5
12-04-05-07-45,NRmarshDN-12-04-05-07-45.jpg,78
12-04-05-10-15,NRmarshDN-12-04-05-10-15.jpg,64.25
12-04-05-12-45,NRmarshDN-12-04-05-12-45.jpg,27.25
12-04-05-17-00,NRmarshDN-12-04-05-17-00.jpg,31.75
12-04-05-19-45,NRmarshDN-12-04-05-19-45.jpg,81.25
12-04-06-00-45,NRmarshDN-12-04-06-00-45.jpg,82
12-04-06-02-30,NRmarshDN-12-04-06-02-30.jpg,64
12-04-06-05-30,NRmarshDN-12-04-06-05-30.jpg,40
12-04-06-08-00,NRmarshDN-12-04-06-08-00.jpg,79.25
12-04-06-10-45,NRmarshDN-12-04-06-10-45.jpg,80.75
12-04-06-13-00,NRmarshDN-12-04-06-13-00.jpg,48.8
12-04-06-15-00,NRmarshDN-12-04-06-15-00.jpg,29
12-04-06-17-45,NRmarshDN-12-04-06-17-45.jpg,34
12-04-06-20-30,NRmarshDN-12-04-06-20-30.jpg,84.6
12-04-07-07-45,NRmarshDN-12-04-07-07-45.jpg,81.75
12-04-07-10-15,NRmarshDN-12-04-07-10-15.jpg,84.8
12-04-07-12-45,NRmarshDN-12-04-07-12-45.jpg,61.75
12-04-07-15-15,NRmarshDN-12-04-07-15-15.jpg,29.75
12-04-07-18-00,NRmarshDN-12-04-07-18-00.jpg,32
12-04-07-20-15,NRmarshDN-12-04-07-20-15.jpg,85.75
12-04-07-22-00,NRmarshDN-12-04-07-22-00.jpg,88.6
12-04-08-07-00,NRmarshDN-12-04-08-07-00.jpg,32
12-04-08-09-30,NRmarshDN-12-04-08-09-30.jpg,72
12-04-08-12-00,NRmarshDN-12-04-08-12-00.jpg,67.5
12-04-08-14-15,NRmarshDN-12-04-08-14-15.jpg,37.25
12-04-08-16-45,NRmarshDN-12-04-08-16-45.jpg,18
12-04-08-19-30,NRmarshDN-12-04-08-19-30.jpg,35.5
12-04-08-22-00,NRmarshDN-12-04-08-22-00.jpg,79.75
12-04-09-03-30,NRmarshDN-12-04-09-03-30.jpg,74.75
12-04-09-05-30,NRmarshDN-12-04-09-05-30.jpg,31.75
12-04-09-09-00,NRmarshDN-12-04-09-09-00.jpg,40
12-04-09-10-30,NRmarshDN-12-04-09-10-30.jpg,68
12-04-09-15-15,NRmarshDN-12-04-09-15-15.jpg,41.5
12-04-09-18-15,NRmarshDN-12-04-09-18-15.jpg,18.5
12-04-09-21-00,NRmarshDN-12-04-09-21-00.jpg,56.25
12-04-09-23-00,NRmarshDN-12-04-09-23-00.jpg,80.75
12-04-10-04-15,NRmarshDN-12-04-10-04-15.jpg,77
12-04-10-06-15,NRmarshDN-12-04-10-06-15.jpg,34.5
12-04-10-08-30,NRmarshDN-12-04-10-08-30.jpg,17
12-04-10-11-00,NRmarshDN-12-04-10-11-00.jpg,64.25
12-04-10-13-45,NRmarshDN-12-04-10-13-45.jpg,74.75
12-04-10-15-45,NRmarshDN-12-04-10-15-45.jpg,46.5
12-04-10-18-30,NRmarshDN-12-04-10-18-30.jpg,23.25
12-04-10-21-00,NRmarshDN-12-04-10-21-00.jpg,34.9
12-04-10-23-00,NRmarshDN-12-04-10-23-00.jpg,70.5
12-04-11-01-45,NRmarshDN-12-04-11-01-45.jpg,88
12-04-11-03-45,NRmarshDN-12-04-11-03-45.jpg,82.4
12-04-11-06-30,NRmarshDN-12-04-11-06-30.jpg,82.9
12-04-11-11-00,NRmarshDN-12-04-11-11-00.jpg,40.25
12-04-11-13-45,NRmarshDN-12-04-11-13-45.jpg,74
12-04-11-16-30,NRmarshDN-12-04-11-16-30.jpg,40.25
12-04-11-18-45,NRmarshDN-12-04-11-18-45.jpg,16.25
12-04-11-23-15,NRmarshDN-12-04-11-23-15.jpg,46.5
12-04-12-01-45,NRmarshDN-12-04-12-01-45.jpg,79.25
12-04-12-04-30,NRmarshDN-12-04-12-04-30.jpg,67.75
12-04-12-07-30,NRmarshDN-12-04-12-07-30.jpg,23
12-04-12-12-00,NRmarshDN-12-04-12-12-00.jpg,37
12-04-12-14-45,NRmarshDN-12-04-12-14-45.jpg,64
12-04-12-17-30,NRmarshDN-12-04-12-17-30.jpg,33
12-04-12-23-00,NRmarshDN-12-04-12-23-00.jpg,24.75
12-04-13-01-00,NRmarshDN-12-04-13-01-00.jpg,62.5
12-04-13-04-00,NRmarshDN-12-04-13-04-00.jpg,86
12-04-13-06-45,NRmarshDN-12-04-13-06-45.jpg,36.5
12-04-13-12-45,NRmarshDN-12-04-13-12-45.jpg,36.25
12-04-13-15-15,NRmarshDN-12-04-13-15-15.jpg,63.75
12-04-13-18-15,NRmarshDN-12-04-13-18-15.jpg,34.75
12-04-14-01-30,NRmarshDN-12-04-14-01-30.jpg,41
12-04-14-04-00,NRmarshDN-12-04-14-04-00.jpg,69
12-04-14-06-45,NRmarshDN-12-04-14-06-45.jpg,39
12-04-14-13-45,NRmarshDN-12-04-14-13-45.jpg,33
12-04-14-16-30,NRmarshDN-12-04-14-16-30.jpg,61.25
12-04-14-19-00,NRmarshDN-12-04-14-19-00.jpg,36.1
12-04-15-02-15,NRmarshDN-12-04-15-02-15.jpg,27
12-04-15-05-00,NRmarshDN-12-04-15-05-00.jpg,61
12-04-15-07-45,NRmarshDN-12-04-15-07-45.jpg,34.25
12-04-15-15-15,NRmarshDN-12-04-15-15-15.jpg,36.75
12-04-15-17-30,NRmarshDN-12-04-15-17-30.jpg,59
12-04-15-20-00,NRmarshDN-12-04-15-20-00.jpg,38.5
12-04-15-22-00,NRmarshDN-12-04-15-22-00.jpg,17
12-04-16-03-30,NRmarshDN-12-04-16-03-30.jpg,20.5
12-04-16-06-15,NRmarshDN-12-04-16-06-15.jpg,53.5
12-04-16-08-30,NRmarshDN-12-04-16-08-30.jpg,30.25
12-04-16-16-00,NRmarshDN-12-04-16-16-00.jpg,29.5
12-04-16-18-45,NRmarshDN-12-04-16-18-45.jpg,60
12-04-16-21-15,NRmarshDN-12-04-16-21-15.jpg,36.5
12-04-17-04-30,NRmarshDN-12-04-17-04-30.jpg,25.75
12-04-17-07-30,NRmarshDN-12-04-17-07-30.jpg,50.75
12-04-17-09-45,NRmarshDN-12-04-17-09-45.jpg,25.25
12-04-17-19-15,NRmarshDN-12-04-17-19-15.jpg,61
12-04-17-22-00,NRmarshDN-12-04-17-22-00.jpg,36
12-04-18-05-30,NRmarshDN-12-04-18-05-30.jpg,41.25
12-04-18-08-15,NRmarshDN-12-04-18-08-15.jpg,62.5
12-04-18-11-00,NRmarshDN-12-04-18-11-00.jpg,27.75
12-04-18-17-45,NRmarshDN-12-04-18-17-45.jpg,52.25
12-04-18-20-45,NRmarshDN-12-04-18-20-45.jpg,78.25
12-04-18-23-30,NRmarshDN-12-04-18-23-30.jpg,41
12-04-19-01-30,NRmarshDN-12-04-19-01-30.jpg,19.75
12-04-19-06-00,NRmarshDN-12-04-19-06-00.jpg,48.75
12-04-19-08-45,NRmarshDN-12-04-19-08-45.jpg,70
12-04-19-11-30,NRmarshDN-12-04-19-11-30.jpg,34.75
12-04-19-18-30,NRmarshDN-12-04-19-18-30.jpg,59
12-04-19-21-30,NRmarshDN-12-04-19-21-30.jpg,82
12-04-20-00-30,NRmarshDN-12-04-20-00-30.jpg,43.25
12-04-20-05-30,NRmarshDN-12-04-20-05-30.jpg,31.5
12-04-20-08-45,NRmarshDN-12-04-20-08-45.jpg,67.25
12-04-20-10-30,NRmarshDN-12-04-20-10-30.jpg,65.5
12-04-20-12-45,NRmarshDN-12-04-20-12-45.jpg,34.25
12-04-20-17-30,NRmarshDN-12-04-20-17-30.jpg,37.25
12-04-20-20-30,NRmarshDN-12-04-20-20-30.jpg,78.6
12-04-20-22-45,NRmarshDN-12-04-20-22-45.jpg,82.8
12-04-21-01-45,NRmarshDN-12-04-21-01-45.jpg,38.5
12-04-21-03-31,NRmarshDN-12-04-21-03-31.jpg,20.6
12-04-21-06-15,NRmarshDN-12-04-21-06-15.jpg,33.75
12-04-21-09-00,NRmarshDN-12-04-21-09-00.jpg,71.5
12-04-21-12-00,NRmarshDN-12-04-21-12-00.jpg,49.25
12-04-21-14-15,NRmarshDN-12-04-21-14-15.jpg,25.75
12-04-21-16-30,NRmarshDN-12-04-21-16-30.jpg,16.8
12-04-21-18-45,NRmarshDN-12-04-21-18-45.jpg,52.5
12-04-21-21-30,NRmarshDN-12-04-21-21-30.jpg,81.5
12-04-22-00-15,NRmarshDN-12-04-22-00-15.jpg,80.6
12-04-22-03-00,NRmarshDN-12-04-22-03-00.jpg,38.5
12-04-22-05-30,NRmarshDN-12-04-22-05-30.jpg,18.4
12-04-22-07-45,NRmarshDN-12-04-22-07-45.jpg,54.8
12-04-22-10-45,NRmarshDN-12-04-22-10-45.jpg,86.9
12-04-22-13-30,NRmarshDN-12-04-22-13-30.jpg,79.5
12-04-22-15-30,NRmarshDN-12-04-22-15-30.jpg,40.75
12-04-22-17-45,NRmarshDN-12-04-22-17-45.jpg,20
12-04-22-20-30,NRmarshDN-12-04-22-20-30.jpg,60.25
12-04-22-22-45,NRmarshDN-12-04-22-22-45.jpg,78.25
12-04-23-01-30,NRmarshDN-12-04-23-01-30.jpg,52
12-04-23-04-15,NRmarshDN-12-04-23-04-15.jpg,23
12-04-23-06-30,NRmarshDN-12-04-23-06-30.jpg,20.5
12-04-23-09-00,NRmarshDN-12-04-23-09-00.jpg,62
12-04-23-11-15,NRmarshDN-12-04-23-11-15.jpg,77.75
12-04-23-14-00,NRmarshDN-12-04-23-14-00.jpg,43.25
12-04-23-16-30,NRmarshDN-12-04-23-16-30.jpg,18.4
12-04-23-19-00,NRmarshDN-12-04-23-19-00.jpg,23.5
12-04-23-21-15,NRmarshDN-12-04-23-21-15.jpg,60.6
12-04-23-23-15,NRmarshDN-12-04-23-23-15.jpg,76.25
12-04-24-02-00,NRmarshDN-12-04-24-02-00.jpg,57
12-04-24-04-45,NRmarshDN-12-04-24-04-45.jpg,25
12-04-24-07-00,NRmarshDN-12-04-24-07-00.jpg,18.75
12-04-24-09-15,NRmarshDN-12-04-24-09-15.jpg,50.5
12-04-24-12-00,NRmarshDN-12-04-24-12-00.jpg,69.5
12-04-24-14-15,NRmarshDN-12-04-24-14-15.jpg,46.25
12-04-24-17-15,NRmarshDN-12-04-24-17-15.jpg,15.75
12-04-24-19-30,NRmarshDN-12-04-24-19-30.jpg,20.5
12-04-24-22-15,NRmarshDN-12-04-24-22-15.jpg,63.25
12-04-25-01-00,NRmarshDN-12-04-25-01-00.jpg,78.25
12-04-25-03-00,NRmarshDN-12-04-25-03-00.jpg,46.75
12-04-25-05-15,NRmarshDN-12-04-25-05-15.jpg,22
12-04-25-10-00,NRmarshDN-12-04-25-10-00.jpg,40
12-04-25-12-45,NRmarshDN-12-04-25-12-45.jpg,56.25
12-04-25-15-30,NRmarshDN-12-04-25-15-30.jpg,27
12-04-25-20-30,NRmarshDN-12-04-25-20-30.jpg,27.25
12-04-25-23-30,NRmarshDN-12-04-25-23-30.jpg,68
12-04-26-01-30,NRmarshDN-12-04-26-01-30.jpg,71
12-04-26-04-15,NRmarshDN-12-04-26-04-15.jpg,39.5
12-04-26-07-15,NRmarshDN-12-04-26-07-15.jpg,29.75
12-04-26-09-30,NRmarshDN-12-04-26-09-30.jpg,41.25
12-04-26-12-30,NRmarshDN-12-04-26-12-30.jpg,77.5
12-04-26-14-45,NRmarshDN-12-04-26-14-45.jpg,75.25
12-04-26-17-00,NRmarshDN-12-04-26-17-00.jpg,41.5
12-04-26-19-45,NRmarshDN-12-04-26-19-45.jpg,19
12-04-26-22-30,NRmarshDN-12-04-26-22-30.jpg,49
12-04-27-00-45,NRmarshDN-12-04-27-00-45.jpg,73.5
12-04-27-03-30,NRmarshDN-12-04-27-03-30.jpg,49.25
12-04-27-05-45,NRmarshDN-12-04-27-05-45.jpg,23.5
12-04-27-12-30,NRmarshDN-12-04-27-12-30.jpg,42.25
12-04-27-15-15,NRmarshDN-12-04-27-15-15.jpg,39.75
12-04-27-22-30,NRmarshDN-12-04-27-22-30.jpg,35.8
12-04-28-01-15,NRmarshDN-12-04-28-01-15.jpg,73.25
12-04-28-05-00,NRmarshDN-12-04-28-05-00.jpg,51.5
12-04-28-06-45,NRmarshDN-12-04-28-06-45.jpg,34.25
12-04-28-09-00,NRmarshDN-12-04-28-09-00.jpg,18
12-04-28-11-45,NRmarshDN-12-04-28-11-45.jpg,41.5
12-04-28-14-30,NRmarshDN-12-04-28-14-30.jpg,66.75
12-04-28-16-45,NRmarshDN-12-04-28-16-45.jpg,39
12-04-28-19-00,NRmarshDN-12-04-28-19-00.jpg,20.25
12-04-28-23-30,NRmarshDN-12-04-28-23-30.jpg,41.75
12-04-29-02-15,NRmarshDN-12-04-29-02-15.jpg,70.5
12-04-29-05-15,NRmarshDN-12-04-29-05-15.jpg,40.75
12-04-29-08-00,NRmarshDN-12-04-29-08-00.jpg,15.75
12-04-29-12-30,NRmarshDN-12-04-29-12-30.jpg,20.6
12-04-29-15-15,NRmarshDN-12-04-29-15-15.jpg,55.5
12-04-29-18-00,NRmarshDN-12-04-29-18-00.jpg,30.75
12-04-30-00-45,NRmarshDN-12-04-30-00-45.jpg,32.8
12-04-30-03-30,NRmarshDN-12-04-30-03-30.jpg,62.8
12-04-30-06-15,NRmarshDN-12-04-30-06-15.jpg,35
12-04-30-13-30,NRmarshDN-12-04-30-13-30.jpg,22.75
12-04-30-16-30,NRmarshDN-12-04-30-16-30.jpg,62.75
12-04-30-18-45,NRmarshDN-12-04-30-18-45.jpg,38.5
12-05-21-22-00,NRmarshDN-12-05-21-22-00.jpg,84.6
12-05-22-01-15,NRmarshDN-12-05-22-01-15.jpg,75.75
12-05-22-04-15,NRmarshDN-12-05-22-04-15.jpg,27.5
12-05-22-06-30,NRmarshDN-12-05-22-06-30.jpg,32.25
12-05-22-08-45,NRmarshDN-12-05-22-08-45.jpg,64
12-05-22-11-30,NRmarshDN-12-05-22-11-30.jpg,65
12-05-22-14-15,NRmarshDN-12-05-22-14-15.jpg,33.25
12-05-22-16-15,NRmarshDN-12-05-22-16-15.jpg,19.75
12-05-22-19-15,NRmarshDN-12-05-22-19-15.jpg,44
12-05-22-21-15,NRmarshDN-12-05-22-21-15.jpg,72.5
12-05-23-00-00,NRmarshDN-12-05-23-00-00.jpg,84.5
12-05-23-02-15,NRmarshDN-12-05-23-02-15.jpg,59.75
12-05-23-05-00,NRmarshDN-12-05-23-05-00.jpg,23
12-05-23-07-15,NRmarshDN-12-05-23-07-15.jpg,30
12-05-23-10-00,NRmarshDN-12-05-23-10-00.jpg,66.25
12-05-23-12-15,NRmarshDN-12-05-23-12-15.jpg,64.75
12-05-23-15-00,NRmarshDN-12-05-23-15-00.jpg,28.5
12-05-23-19-00,NRmarshDN-12-05-23-19-00.jpg,30
12-05-23-22-00,NRmarshDN-12-05-23-22-00.jpg,76
12-05-24-00-45,NRmarshDN-12-05-24-00-45.jpg,83
12-05-24-03-30,NRmarshDN-12-05-24-03-30.jpg,42
12-05-24-08-15,NRmarshDN-12-05-24-08-15.jpg,25.75
12-05-24-11-00,NRmarshDN-12-05-24-11-00.jpg,65
12-05-24-13-15,NRmarshDN-12-05-24-13-15.jpg,50
12-06-24-16-00,NRmarshDN-12-06-24-16-00.jpg,24.5
12-05-24-20-15,NRmarshDN-12-05-24-20-15.jpg,36
12-05-24-23-30,NRmarshDN-12-05-24-23-30.jpg,77
12-05-25-01-45,NRmarshDN-12-05-25-01-45.jpg,76.75
12-05-25-04-30,NRmarshDN-12-05-25-04-30.jpg,32
12-05-25-10-00,NRmarshDN-12-05-25-10-00.jpg,34
12-05-25-12-15,NRmarshDN-12-05-25-12-15.jpg,62.5
12-05-25-14-31,NRmarshDN-12-05-25-14-31.jpg,42.25
12-05-25-16-30,NRmarshDN-12-05-25-16-30.jpg,22.25
12-05-25-21-30,NRmarshDN-12-05-25-21-30.jpg,31.75
12-05-25-23-15,NRmarshDN-12-05-25-23-15.jpg,64.75
12-05-26-01-15,NRmarshDN-12-05-26-01-15.jpg,79.5
12-05-26-02-21,NRmarshDN-12-05-26-02-21.jpg,75
12-05-26-04-15,NRmarshDN-12-05-26-04-15.jpg,49
12-05-26-10-00,NRmarshDN-12-05-26-10-00.jpg,25.25
12-05-26-13-00,NRmarshDN-12-05-26-13-00.jpg,67.5
12-05-26-15-30,NRmarshDN-12-05-26-15-30.jpg,46.5
12-05-26-17-45,NRmarshDN-12-05-26-17-45.jpg,26.5
12-05-26-22-30,NRmarshDN-12-05-26-22-30.jpg,53.5
12-05-27-01-15,NRmarshDN-12-05-27-01-15.jpg,81
12-05-27-03-15,NRmarshDN-12-05-27-03-15.jpg,79
12-05-27-06-15,NRmarshDN-12-05-27-06-15.jpg,37
12-05-27-08-30,NRmarshDN-12-05-27-08-30.jpg,20
12-05-27-11-15,NRmarshDN-12-05-27-11-15.jpg,47
12-05-27-14-00,NRmarshDN-12-05-27-14-00.jpg,84
12-05-27-16-21,NRmarshDN-12-05-27-16-21.jpg,50.25
12-05-27-18-15,NRmarshDN-12-05-27-18-15.jpg,31
12-05-27-20-15,NRmarshDN-12-05-27-20-15.jpg,17.75
12-05-27-22-30,NRmarshDN-12-05-27-22-30.jpg,36.5
12-05-28-01-15,NRmarshDN-12-05-28-01-15.jpg,72
12-05-28-03-30,NRmarshDN-12-05-28-03-30.jpg,68
12-05-28-06-15,NRmarshDN-12-05-28-06-15.jpg,34
12-05-28-11-15,NRmarshDN-12-05-28-11-15.jpg,27.25
12-05-28-14-00,NRmarshDN-12-05-28-14-00.jpg,65.5
12-05-28-16-15,NRmarshDN-12-05-28-16-15.jpg,63.5
12-05-28-18-45,NRmarshDN-12-05-28-18-45.jpg,33
12-05-28-23-45,NRmarshDN-12-05-28-23-45.jpg,33
12-05-29-02-00,NRmarshDN-12-05-29-02-00.jpg,62
12-05-29-05-00,NRmarshDN-12-05-29-05-00.jpg,50
12-05-29-07-00,NRmarshDN-12-05-29-07-00.jpg,28.25
12-05-29-14-00,NRmarshDN-12-05-29-14-00.jpg,49.5
12-05-29-16-45,NRmarshDN-12-05-29-16-45.jpg,69
12-05-29-19-45,NRmarshDN-12-05-29-19-45.jpg,30.75
12-05-30-01-00,NRmarshDN-12-05-30-01-00.jpg,31
12-05-30-03-30,NRmarshDN-12-05-30-03-30.jpg,64.25
12-05-30-05-45,NRmarshDN-12-05-30-05-45.jpg,54.5
12-05-30-08-30,NRmarshDN-12-05-30-08-30.jpg,30
12-05-30-10-45,NRmarshDN-12-05-30-10-45.jpg,41
12-05-30-13-30,NRmarshDN-12-05-30-13-30.jpg,56.5
12-05-30-16-00,NRmarshDN-12-05-30-16-00.jpg,58.5
12-05-30-18-15,NRmarshDN-12-05-30-18-15.jpg,39
12-05-30-20-30,NRmarshDN-12-05-30-20-30.jpg,38.75
12-05-30-23-00,NRmarshDN-12-05-30-23-00.jpg,28
12-05-31-01-45,NRmarshDN-12-05-31-01-45.jpg,29.5
12-05-31-04-00,NRmarshDN-12-05-31-04-00.jpg,65
12-05-31-07-00,NRmarshDN-12-05-31-07-00.jpg,50
12-05-31-09-00,NRmarshDN-12-05-31-09-00.jpg,31.75
12-05-31-11-15,NRmarshDN-12-05-31-11-15.jpg,21.5
12-05-31-14-15,NRmarshDN-12-05-31-14-15.jpg,37.5
12-05-31-16-30,NRmarshDN-12-05-31-16-30.jpg,75.5
12-05-31-19-15,NRmarshDN-12-05-31-19-15.jpg,87.75
12-05-31-21-30,NRmarshDN-12-05-31-21-30.jpg,72.5
12-05-31-23-45,NRmarshDN-12-05-31-23-45.jpg,32.75
12-06-01-01-45,NRmarshDN-12-06-01-01-45.jpg,23.5
12-06-01-04-00,NRmarshDN-12-06-01-04-00.jpg,56.25
12-06-01-06-15,NRmarshDN-12-06-01-06-15.jpg,75
12-06-01-09-15,NRmarshDN-12-06-01-09-15.jpg,43.5
12-06-01-11-15,NRmarshDN-12-06-01-11-15.jpg,27.25
12-06-01-14-30,NRmarshDN-12-06-01-14-30.jpg,30.25
12-06-01-16-15,NRmarshDN-12-06-01-16-15.jpg,64
12-06-01-19-00,NRmarshDN-12-06-01-19-00.jpg,88.5
12-06-01-23-00,NRmarshDN-12-06-01-23-00.jpg,86
12-06-02-00-46,NRmarshDN-12-06-02-00-46.jpg,64.25
12-06-02-02-45,NRmarshDN-12-06-02-02-45.jpg,31
12-06-02-05-45,NRmarshDN-12-06-02-05-45.jpg,64.5
12-06-02-08-30,NRmarshDN-12-06-02-08-30.jpg,57.75
12-06-02-10-15,NRmarshDN-12-06-02-10-15.jpg,35.25
12-06-02-17-00,NRmarshDN-12-06-02-17-00.jpg,57.25
12-06-02-20-00,NRmarshDN-12-06-02-20-00.jpg,88
12-06-02-23-30,NRmarshDN-12-06-02-23-30.jpg,81.5
12-06-03-02-15,NRmarshDN-12-06-03-02-15.jpg,32.25
12-06-03-04-45,NRmarshDN-12-06-03-04-45.jpg,36
12-06-03-07-00,NRmarshDN-12-06-03-07-00.jpg,73
12-06-03-09-45,NRmarshDN-12-06-03-09-45.jpg,72.5
12-06-03-12-30,NRmarshDN-12-06-03-12-30.jpg,30.75
12-06-03-17-15,NRmarshDN-12-06-03-17-15.jpg,44
12-06-03-19-30,NRmarshDN-12-06-03-19-30.jpg,79.75
12-06-04-00-30,NRmarshDN-12-06-04-00-30.jpg,87
12-06-04-01-30,NRmarshDN-12-06-04-01-30.jpg,79.5
12-06-04-05-45,NRmarshDN-12-06-04-05-45.jpg,36
12-06-04-07-15,NRmarshDN-12-06-04-07-15.jpg,61.25
12-06-04-09-30,NRmarshDN-12-06-04-09-30.jpg,79
12-06-04-11-00,NRmarshDN-12-06-04-11-00.jpg,68
12-06-04-13-45,NRmarshDN-12-06-04-13-45.jpg,28.5
12-06-04-18-00,NRmarshDN-12-06-04-18-00.jpg,37
12-06-04-19-30,NRmarshDN-12-06-04-19-30.jpg,71.25
12-06-04-21-45,NRmarshDN-12-06-04-21-45.jpg,89.5
12-06-05-02-15,NRmarshDN-12-06-05-02-15.jpg,83.5
12-06-05-05-00,NRmarshDN-12-06-05-05-00.jpg,36
12-06-05-07-15,NRmarshDN-12-06-05-07-15.jpg,61
12-06-05-10-00,NRmarshDN-12-06-05-10-00.jpg,85.25
12-06-05-12-45,NRmarshDN-12-06-05-12-45.jpg,78.75
12-06-05-14-45,NRmarshDN-12-06-05-14-45.jpg,43
12-06-05-23-01,NRmarshDN-12-06-05-23-01.jpg,98.25
12-06-06-04-45,NRmarshDN-12-06-06-04-45.jpg,80
12-06-06-07-00,NRmarshDN-12-06-06-07-00.jpg,43.25
12-06-06-09-30,NRmarshDN-12-06-06-09-30.jpg,79.25
12-06-06-11-45,NRmarshDN-12-06-06-11-45.jpg,91
12-06-06-14-30,NRmarshDN-12-06-06-14-30.jpg,77
12-06-06-17-00,NRmarshDN-12-06-06-17-00.jpg,32.75
12-06-06-19-30,NRmarshDN-12-06-06-19-30.jpg,50.5
12-06-06-22-15,NRmarshDN-12-06-06-22-15.jpg,85
12-06-07-04-45,NRmarshDN-12-06-07-04-45.jpg,83.75
12-06-07-07-30,NRmarshDN-12-06-07-07-30.jpg,35.75
12-06-07-09-45,NRmarshDN-12-06-07-09-45.jpg,67.5
12-06-07-12-00,NRmarshDN-12-06-07-12-00.jpg,83.75
12-06-07-14-46,NRmarshDN-12-06-07-14-46.jpg,67.75
12-06-07-17-00,NRmarshDN-12-06-07-17-00.jpg,35.75
12-06-07-19-45,NRmarshDN-12-06-07-19-45.jpg,33
12-06-07-22-00,NRmarshDN-12-06-07-22-00.jpg,73
12-06-08-01-30,NRmarshDN-12-06-08-01-30.jpg,93
12-06-08-05-30,NRmarshDN-12-06-08-05-30.jpg,52.25
12-06-08-08-45,NRmarshDN-12-06-08-08-45.jpg,26.5
12-06-08-10-45,NRmarshDN-12-06-08-10-45.jpg,61.75
12-06-08-13-30,NRmarshDN-12-06-08-13-30.jpg,79.75
12-06-08-15-45,NRmarshDN-12-06-08-15-45.jpg,50
12-06-08-18-30,NRmarshDN-12-06-08-18-30.jpg,22.25
12-06-08-20-45,NRmarshDN-12-06-08-20-45.jpg,23
12-06-08-23-15,NRmarshDN-12-06-08-23-15.jpg,67
12-06-09-02-15,NRmarshDN-12-06-09-02-15.jpg,83
12-06-09-04-45,NRmarshDN-12-06-09-04-45.jpg,48
12-06-09-11-15,NRmarshDN-12-06-09-11-15.jpg,58
12-06-09-14-01,NRmarshDN-12-06-09-14-01.jpg,87.5
12-06-09-17-01,NRmarshDN-12-06-09-17-01.jpg,42.75
12-06-09-19-30,NRmarshDN-12-06-09-19-30.jpg,20
12-06-09-22-15,NRmarshDN-12-06-09-22-15.jpg,34
12-06-10-00-30,NRmarshDN-12-06-10-00-30.jpg,66
12-06-10-03-31,NRmarshDN-12-06-10-03-31.jpg,68.76
12-06-10-05-30,NRmarshDN-12-06-10-05-30.jpg,36.75
12-06-10-11-00,NRmarshDN-12-06-10-11-00.jpg,23
12-06-10-13-00,NRmarshDN-12-06-10-13-00.jpg,58.25
12-06-10-15-45,NRmarshDN-12-06-10-15-45.jpg,66.5
12-06-10-18-15,NRmarshDN-12-06-10-18-15.jpg,34.75
12-06-10-23-15,NRmarshDN-12-06-10-23-15.jpg,28.75
12-06-11-01-15,NRmarshDN-12-06-11-01-15.jpg,58.5
12-06-11-04-00,NRmarshDN-12-06-11-04-00.jpg,66
12-06-11-06-15,NRmarshDN-12-06-11-06-15.jpg,36.75
12-06-11-08-15,NRmarshDN-12-06-11-08-15.jpg,19.5
12-06-11-11-15,NRmarshDN-12-06-11-11-15.jpg,20.5
12-06-11-14-01,NRmarshDN-12-06-11-14-01.jpg,63.5
12-06-11-17-00,NRmarshDN-12-06-11-17-00.jpg,71.5
12-06-11-19-00,NRmarshDN-12-06-11-19-00.jpg,43.5
12-06-11-21-31,NRmarshDN-12-06-11-21-31.jpg,24.75
12-06-12-00-00,NRmarshDN-12-06-12-00-00.jpg,34.75
12-06-12-02-30,NRmarshDN-12-06-12-02-30.jpg,68
12-06-12-04-30,NRmarshDN-12-06-12-04-30.jpg,69.25
12-06-12-06-45,NRmarshDN-12-06-12-06-45.jpg,43.5
12-06-12-09-00,NRmarshDN-12-06-12-09-00.jpg,22.75
12-06-12-11-30,NRmarshDN-12-06-12-11-30.jpg,24
12-06-12-13-45,NRmarshDN-12-06-12-13-45.jpg,56
12-06-12-16-30,NRmarshDN-12-06-12-16-30.jpg,79
12-06-12-19-00,NRmarshDN-12-06-12-19-00.jpg,69
12-06-12-21-18,NRmarshDN-12-06-12-21-18.jpg,38
12-06-13-00-00,NRmarshDN-12-06-13-00-00.jpg,28
12-06-13-02-30,NRmarshDN-12-06-13-02-30.jpg,58
12-06-13-05-15,NRmarshDN-12-06-13-05-15.jpg,66
12-06-13-07-30,NRmarshDN-12-06-13-07-30.jpg,37.25
12-06-13-14-45,NRmarshDN-12-06-13-14-45.jpg,50.75
12-06-13-17-30,NRmarshDN-12-06-13-17-30.jpg,78.5
12-06-13-20-16,NRmarshDN-12-06-13-20-16.jpg,60
12-06-13-22-30,NRmarshDN-12-06-13-22-30.jpg,34
12-06-14-01-01,NRmarshDN-12-06-14-01-01.jpg,26.5
12-06-14-03-45,NRmarshDN-12-06-14-03-45.jpg,64.5
12-06-14-06-30,NRmarshDN-12-06-14-06-30.jpg,62
12-06-14-08-30,NRmarshDN-12-06-14-08-30.jpg,37
12-06-14-10-15,NRmarshDN-12-06-14-10-15.jpg,21
12-06-14-14-16,NRmarshDN-12-06-14-14-16.jpg,24
12-06-14-16-16,NRmarshDN-12-06-14-16-16.jpg,65.75
12-06-14-18-30,NRmarshDN-12-06-14-18-30.jpg,80.5
12-06-14-20-46,NRmarshDN-12-06-14-20-46.jpg,74.5
12-06-14-23-00,NRmarshDN-12-06-14-23-00.jpg,46.25
12-06-15-01-45,NRmarshDN-12-06-15-01-45.jpg,37
12-06-15-04-30,NRmarshDN-12-06-15-04-30.jpg,73.75
12-06-15-07-00,NRmarshDN-12-06-15-07-00.jpg,81.25
12-06-15-09-30,NRmarshDN-12-06-15-09-30.jpg,53
12-06-15-11-45,NRmarshDN-12-06-15-11-45.jpg,30
12-06-15-14-00,NRmarshDN-12-06-15-14-00.jpg,27
12-06-15-16-32,NRmarshDN-12-06-15-16-32.jpg,71.5
12-06-15-19-15,NRmarshDN-12-06-15-19-15.jpg,88
12-06-15-22-00,NRmarshDN-12-06-15-22-00.jpg,81.5
12-06-16-00-30,NRmarshDN-12-06-16-00-30.jpg,37.25
12-06-16-03-00,NRmarshDN-12-06-16-03-00.jpg,38.75
12-06-16-05-15,NRmarshDN-12-06-16-05-15.jpg,71.75
12-06-16-08-00,NRmarshDN-12-06-16-08-00.jpg,77
12-06-16-10-30,NRmarshDN-12-06-16-10-30.jpg,47
12-06-16-13-00,NRmarshDN-12-06-16-13-00.jpg,23
12-06-16-15-45,NRmarshDN-12-06-16-15-45.jpg,46
12-06-16-18-00,NRmarshDN-12-06-16-18-00.jpg,77.25
12-06-16-20-30,NRmarshDN-12-06-16-20-30.jpg,91.25
12-06-16-23-45,NRmarshDN-12-06-16-23-45.jpg,80
12-06-17-02-15,NRmarshDN-12-06-17-02-15.jpg,39.75
12-06-17-04-45,NRmarshDN-12-06-17-04-45.jpg,57.75
12-06-17-07-15,NRmarshDN-12-06-17-07-15.jpg,79.25
12-06-17-11-45,NRmarshDN-12-06-17-11-45.jpg,42.5
12-06-17-14-30,NRmarshDN-12-06-17-14-30.jpg,27.75
12-06-17-17-00,NRmarshDN-12-06-17-17-00.jpg,67
12-06-17-19-45,NRmarshDN-12-06-17-19-45.jpg,88
12-06-17-22-15,NRmarshDN-12-06-17-22-15.jpg,96
12-06-18-02-00,NRmarshDN-12-06-18-02-00.jpg,70.75
12-06-18-04-45,NRmarshDN-12-06-18-04-45.jpg,51.25
12-06-18-07-15,NRmarshDN-12-06-18-07-15.jpg,78
12-06-18-09-30,NRmarshDN-12-06-18-09-30.jpg,83.25
12-06-18-12-15,NRmarshDN-12-06-18-12-15.jpg,48.5
12-06-18-15-00,NRmarshDN-12-06-18-15-00.jpg,29
12-06-18-17-45,NRmarshDN-12-06-18-17-45.jpg,69.5
12-06-18-20-01,NRmarshDN-12-06-18-20-01.jpg,85.75
12-06-18-22-15,NRmarshDN-12-06-18-22-15.jpg,96
12-06-19-02-15,NRmarshDN-12-06-19-02-15.jpg,68.25
12-06-19-03-15,NRmarshDN-12-06-19-03-15.jpg,45.5
12-06-19-06-15,NRmarshDN-12-06-19-06-15.jpg,54.25
12-06-19-09-15,NRmarshDN-12-06-19-09-15.jpg,78.5
12-06-19-11-15,NRmarshDN-12-06-19-11-15.jpg,58
12-06-19-14-00,NRmarshDN-12-06-19-14-00.jpg,29.75
12-06-19-16-45,NRmarshDN-12-06-19-16-45.jpg,30.75
12-06-19-18-45,NRmarshDN-12-06-19-18-45.jpg,63.5
12-06-19-21-30,NRmarshDN-12-06-19-21-30.jpg,86
12-06-20-00-46,NRmarshDN-12-06-20-00-46.jpg,79
12-06-20-03-00,NRmarshDN-12-06-20-03-00.jpg,37
12-06-20-05-45,NRmarshDN-12-06-20-05-45.jpg,27.5
12-06-20-07-30,NRmarshDN-12-06-20-07-30.jpg,53
12-06-20-10-45,NRmarshDN-12-06-20-10-45.jpg,66
12-06-20-13-30,NRmarshDN-12-06-20-13-30.jpg,32.5
12-06-20-18-31,NRmarshDN-12-06-20-18-31.jpg,38.25
12-06-20-20-32,NRmarshDN-12-06-20-20-32.jpg,70
12-06-20-23-32,NRmarshDN-12-06-20-23-32.jpg,82
12-06-21-02-00,NRmarshDN-12-06-21-02-00.jpg,45.75
12-06-21-04-17,NRmarshDN-12-06-21-04-17.jpg,20.25
12-06-21-07-00,NRmarshDN-12-06-21-07-00.jpg,25.25
12-06-21-09-15,NRmarshDN-12-06-21-09-15.jpg,57.75
12-06-21-11-15,NRmarshDN-12-06-21-11-15.jpg,63.75
12-06-21-14-15,NRmarshDN-12-06-21-14-15.jpg,30
12-06-21-18-45,NRmarshDN-12-06-21-18-45.jpg,28.75
12-06-21-21-15,NRmarshDN-12-06-21-21-15.jpg,67.75
12-06-22-00-16,NRmarshDN-12-06-22-00-16.jpg,80.75
12-06-22-02-00,NRmarshDN-12-06-22-02-00.jpg,54.5
12-06-22-03-15,NRmarshDN-12-06-22-03-15.jpg,34.5
12-06-22-09-45,NRmarshDN-12-06-22-09-45.jpg,56.75
12-06-22-11-45,NRmarshDN-12-06-22-11-45.jpg,72
12-06-22-13-45,NRmarshDN-12-06-22-13-45.jpg,50
12-06-22-16-30,NRmarshDN-12-06-22-16-30.jpg,26.75
12-06-22-19-15,NRmarshDN-12-06-22-19-15.jpg,32
12-06-22-21-01,NRmarshDN-12-06-22-21-01.jpg,57.25
12-06-23-00-16,NRmarshDN-12-06-23-00-16.jpg,80.5
12-06-23-02-45,NRmarshDN-12-06-23-02-45.jpg,53
12-06-23-04-30,NRmarshDN-12-06-23-04-30.jpg,29.25
12-06-23-08-00,NRmarshDN-12-06-23-08-00.jpg,21.5
12-06-23-09-30,NRmarshDN-12-06-23-09-30.jpg,47
12-06-23-12-45,NRmarshDN-12-06-23-12-45.jpg,75
12-06-23-14-15,NRmarshDN-12-06-23-14-15.jpg,56
12-06-23-17-15,NRmarshDN-12-06-23-17-15.jpg,21.5
12-06-23-19-45,NRmarshDN-12-06-23-19-45.jpg,24
12-06-23-21-30,NRmarshDN-12-06-23-21-30.jpg,52.5
12-06-24-00-30,NRmarshDN-12-06-24-00-30.jpg,81
12-06-24-02-15,NRmarshDN-12-06-24-02-15.jpg,77
12-06-24-05-15,NRmarshDN-12-06-24-05-15.jpg,30.5
12-06-24-08-15,NRmarshDN-12-06-24-08-15.jpg,18.25
12-06-24-09-45,NRmarshDN-12-06-24-09-45.jpg,43.5
12-06-24-13-00,NRmarshDN-12-06-24-13-00.jpg,78.25
12-06-24-15-00,NRmarshDN-12-06-24-15-00.jpg,62
12-06-24-18-06,NRmarshDN-12-06-24-18-06.jpg,24
12-06-24-19-46,NRmarshDN-12-06-24-19-46.jpg,18
12-06-24-22-51,NRmarshDN-12-06-24-22-51.jpg,65.5
12-06-25-00-31,NRmarshDN-12-06-25-00-31.jpg,79
12-06-25-03-33,NRmarshDN-12-06-25-03-33.jpg,68
12-06-25-05-30,NRmarshDN-12-06-25-05-30.jpg,36
12-06-25-09-45,NRmarshDN-12-06-25-09-45.jpg,32.75
12-06-25-13-16,NRmarshDN-12-06-25-13-16.jpg,78.5
12-06-25-14-45,NRmarshDN-12-06-25-14-45.jpg,84.25
12-06-25-18-00,NRmarshDN-12-06-25-18-00.jpg,54.25
12-06-25-20-01,NRmarshDN-12-06-25-20-01.jpg,34
12-06-25-23-15,NRmarshDN-12-06-25-23-15.jpg,61
12-06-26-01-00,NRmarshDN-12-06-26-01-00.jpg,75
12-06-26-04-00,NRmarshDN-12-06-26-04-00.jpg,56.5
12-06-26-06-30,NRmarshDN-12-06-26-06-30.jpg,28.25
12-06-26-11-00,NRmarshDN-12-06-26-11-00.jpg,21.75
12-06-26-14-15,NRmarshDN-12-06-26-14-15.jpg,78.75
12-06-26-16-15,NRmarshDN-12-06-26-16-15.jpg,87.25
12-06-26-19-00,NRmarshDN-12-06-26-19-00.jpg,59.5
12-06-26-21-45,NRmarshDN-12-06-26-21-45.jpg,36.25
12-06-27-00-00,NRmarshDN-12-06-27-00-00.jpg,69
12-06-27-03-00,NRmarshDN-12-06-27-03-00.jpg,87
12-06-27-05-00,NRmarshDN-12-06-27-05-00.jpg,84.75
12-06-27-07-45,NRmarshDN-12-06-27-07-45.jpg,45.25
12-06-27-11-45,NRmarshDN-12-06-27-11-45.jpg,48.75
12-06-27-14-45,NRmarshDN-12-06-27-14-45.jpg,82.75
12-06-27-17-45,NRmarshDN-12-06-27-17-45.jpg,88.25
12-06-27-20-30,NRmarshDN-12-06-27-20-30.jpg,56.5
12-06-27-21-45,NRmarshDN-12-06-27-21-45.jpg,37
12-06-28-00-30,NRmarshDN-12-06-28-00-30.jpg,51.75
12-06-28-03-01,NRmarshDN-12-06-28-03-01.jpg,77.25
12-06-28-05-00,NRmarshDN-12-06-28-05-00.jpg,75
12-06-28-08-15,NRmarshDN-12-06-28-08-15.jpg,29.75
12-06-28-12-31,NRmarshDN-12-06-28-12-31.jpg,28.5
12-06-28-15-45,NRmarshDN-12-06-28-15-45.jpg,78
12-06-28-18-45,NRmarshDN-12-06-28-18-45.jpg,81
12-06-28-20-30,NRmarshDN-12-06-28-20-30.jpg,53.75
12-06-28-23-16,NRmarshDN-12-06-28-23-16.jpg,22.5
12-06-29-01-16,NRmarshDN-12-06-29-01-16.jpg,33.25
12-06-29-04-04,NRmarshDN-12-06-29-04-04.jpg,67.25
12-06-29-06-45,NRmarshDN-12-06-29-06-45.jpg,51.5
12-06-29-09-01,NRmarshDN-12-06-29-09-01.jpg,27
12-06-29-14-00,NRmarshDN-12-06-29-14-00.jpg,27.25
12-06-29-16-45,NRmarshDN-12-06-29-16-45.jpg,74.25
12-06-29-19-00,NRmarshDN-12-06-29-19-00.jpg,80
12-06-29-21-16,NRmarshDN-12-06-29-21-16.jpg,45
12-06-30-04-15,NRmarshDN-12-06-30-04-15.jpg,48.75
12-06-30-07-30,NRmarshDN-12-06-30-07-30.jpg,47
12-06-30-15-30,NRmarshDN-12-06-30-15-30.jpg,40.75
12-06-30-17-00,NRmarshDN-12-06-30-17-00.jpg,71
12-06-30-20-00,NRmarshDN-12-06-30-20-00.jpg,86.25
12-06-30-22-46,NRmarshDN-12-06-30-22-46.jpg,52
12-07-01-01-15,NRmarshDN-12-07-01-01-15.jpg,19.5
12-07-01-04-17,NRmarshDN-12-07-01-04-17.jpg,42.25
12-07-01-06-15,NRmarshDN-12-07-01-06-15.jpg,67
12-07-01-09-01,NRmarshDN-12-07-01-09-01.jpg,48.75
12-07-01-11-45,NRmarshDN-12-07-01-11-45.jpg,19.75
12-07-01-17-00,NRmarshDN-12-07-01-17-00.jpg,42.5
12-07-01-18-45,NRmarshDN-12-07-01-18-45.jpg,73.5
12-07-01-21-15,NRmarshDN-12-07-01-21-15.jpg,84
12-07-01-23-30,NRmarshDN-12-07-01-23-30.jpg,49.5
12-07-02-01-30,NRmarshDN-12-07-02-01-30.jpg,21.75
12-07-02-07-00,NRmarshDN-12-07-02-07-00.jpg,55.5
12-07-02-10-00,NRmarshDN-12-07-02-10-00.jpg,36
12-07-02-17-45,NRmarshDN-12-07-02-17-45.jpg,34
12-07-02-19-30,NRmarshDN-12-07-02-19-30.jpg,73
12-07-02-22-45,NRmarshDN-12-07-02-22-45.jpg,76.75
12-07-03-01-45,NRmarshDN-12-07-03-01-45.jpg,26.75
12-07-03-06-00,NRmarshDN-12-07-03-06-00.jpg,32.75
12-07-03-09-00,NRmarshDN-12-07-03-09-00.jpg,72.75
12-07-03-11-45,NRmarshDN-12-07-03-11-45.jpg,38.5
12-07-03-18-30,NRmarshDN-12-07-03-18-30.jpg,45
12-07-03-21-45,NRmarshDN-12-07-03-21-45.jpg,84.25
12-07-04-00-30,NRmarshDN-12-07-04-00-30.jpg,77.25
12-07-04-02-31,NRmarshDN-12-07-04-02-31.jpg,36
12-07-04-07-45,NRmarshDN-12-07-04-07-45.jpg,50.25
12-07-04-10-00,NRmarshDN-12-07-04-10-00.jpg,71.25
12-07-04-13-00,NRmarshDN-12-07-04-13-00.jpg,33
12-07-04-19-47,NRmarshDN-12-07-04-19-47.jpg,45.75
12-07-04-22-30,NRmarshDN-12-07-04-22-30.jpg,81.5
12-07-05-01-17,NRmarshDN-12-07-05-01-17.jpg,69
12-07-05-03-15,NRmarshDN-12-07-05-03-15.jpg,30.5
12-07-05-08-00,NRmarshDN-12-07-05-08-00.jpg,38
12-07-05-11-15,NRmarshDN-12-07-05-11-15.jpg,74.75
12-07-05-13-30,NRmarshDN-12-07-05-13-30.jpg,44
12-07-05-16-15,NRmarshDN-12-07-05-16-15.jpg,18
12-07-05-19-30,NRmarshDN-12-07-05-19-30.jpg,33
12-07-05-21-15,NRmarshDN-12-07-05-21-15.jpg,66.75
12-07-05-23-45,NRmarshDN-12-07-05-23-45.jpg,85
12-07-06-02-17,NRmarshDN-12-07-06-02-17.jpg,67
12-07-06-04-30,NRmarshDN-12-07-06-04-30.jpg,26.75
12-07-06-09-01,NRmarshDN-12-07-06-09-01.jpg,41
12-07-06-11-45,NRmarshDN-12-07-06-11-45.jpg,74
12-07-06-15-00,NRmarshDN-12-07-06-15-00.jpg,35.75
12-07-06-21-18,NRmarshDN-12-07-06-21-18.jpg,45.75
12-07-07-00-01,NRmarshDN-12-07-07-00-01.jpg,79
12-07-07-03-00,NRmarshDN-12-07-07-03-00.jpg,51.25
12-07-07-05-15,NRmarshDN-12-07-07-05-15.jpg,23
12-07-07-10-45,NRmarshDN-12-07-07-10-45.jpg,59
12-07-07-13-00,NRmarshDN-12-07-07-13-00.jpg,75.5
12-07-07-15-15,NRmarshDN-12-07-07-15-15.jpg,46
12-07-07-18-15,NRmarshDN-12-07-07-18-15.jpg,17
12-07-07-20-30,NRmarshDN-12-07-07-20-30.jpg,25.5
12-07-08-01-01,NRmarshDN-12-07-08-01-01.jpg,79.5
12-07-08-04-00,NRmarshDN-12-07-08-04-00.jpg,44.25
12-07-08-10-30,NRmarshDN-12-07-08-10-30.jpg,37.5
12-07-08-14-00,NRmarshDN-12-07-08-14-00.jpg,72.5
12-07-08-16-00,NRmarshDN-12-07-08-16-00.jpg,48
12-07-08-19-00,NRmarshDN-12-07-08-19-00.jpg,18.75
12-07-08-21-47,NRmarshDN-12-07-08-21-47.jpg,31
12-07-09-00-00,NRmarshDN-12-07-09-00-00.jpg,65
12-07-09-02-30,NRmarshDN-12-07-09-02-30.jpg,77.25
12-07-09-05-15,NRmarshDN-12-07-09-05-15.jpg,39.5
12-07-09-10-30,NRmarshDN-12-07-09-10-30.jpg,27.5
12-07-09-12-45,NRmarshDN-12-07-09-12-45.jpg,60.75
12-07-09-15-00,NRmarshDN-12-07-09-15-00.jpg,67.5
12-07-09-17-16,NRmarshDN-12-07-09-17-16.jpg,43
12-07-09-19-30,NRmarshDN-12-07-09-19-30.jpg,23.5
12-07-10-00-16,NRmarshDN-12-07-10-00-16.jpg,55
12-07-10-03-00,NRmarshDN-12-07-10-03-00.jpg,71
12-07-10-06-00,NRmarshDN-12-07-10-06-00.jpg,29
12-07-10-11-15,NRmarshDN-12-07-10-11-15.jpg,26
12-07-10-13-00,NRmarshDN-12-07-10-13-00.jpg,55.25
12-07-10-15-45,NRmarshDN-12-07-10-15-45.jpg,75.75
12-07-10-18-45,NRmarshDN-12-07-10-18-45.jpg,34
12-07-10-21-00,NRmarshDN-12-07-10-21-00.jpg,24
12-07-10-23-15,NRmarshDN-12-07-10-23-15.jpg,25
12-07-11-01-45,NRmarshDN-12-07-11-01-45.jpg,62.5
12-07-11-05-00,NRmarshDN-12-07-11-05-00.jpg,48
12-07-11-06-30,NRmarshDN-12-07-11-06-30.jpg,31.25
12-07-11-13-30,NRmarshDN-12-07-11-13-30.jpg,53
12-07-11-16-30,NRmarshDN-12-07-11-16-30.jpg,69.5
12-07-11-19-15,NRmarshDN-12-07-11-19-15.jpg,38.75
12-07-11-22-00,NRmarshDN-12-07-11-22-00.jpg,21
12-07-12-00-15,NRmarshDN-12-07-12-00-15.jpg,29
12-07-12-03-00,NRmarshDN-12-07-12-03-00.jpg,67
12-07-12-05-15,NRmarshDN-12-07-12-05-15.jpg,49.5
12-07-12-08-00,NRmarshDN-12-07-12-08-00.jpg,23.5
12-07-12-12-45,NRmarshDN-12-07-12-12-45.jpg,32.5
12-07-12-15-30,NRmarshDN-12-07-12-15-30.jpg,72
12-07-12-18-45,NRmarshDN-12-07-12-18-45.jpg,59
12-07-12-20-15,NRmarshDN-12-07-12-20-15.jpg,39.75
12-07-13-00-45,NRmarshDN-12-07-13-00-45.jpg,30.25
12-07-13-03-45,NRmarshDN-12-07-13-03-45.jpg,65
12-07-13-07-00,NRmarshDN-12-07-13-07-00.jpg,43
12-07-13-09-30,NRmarshDN-12-07-13-09-30.jpg,22
12-07-13-12-00,NRmarshDN-12-07-13-12-00.jpg,15.75
12-07-13-14-00,NRmarshDN-12-07-13-14-00.jpg,47
12-07-13-17-00,NRmarshDN-12-07-13-17-00.jpg,77.5
12-07-13-19-00,NRmarshDN-12-07-13-19-00.jpg,75
12-07-13-21-45,NRmarshDN-12-07-13-21-45.jpg,38.5
12-07-14-00-00,NRmarshDN-12-07-14-00-00.jpg,23
12-07-14-02-46,NRmarshDN-12-07-14-02-46.jpg,44.5
12-07-14-04-45,NRmarshDN-12-07-14-04-45.jpg,63.25
12-07-14-07-45,NRmarshDN-12-07-14-07-45.jpg,44.5
12-07-14-10-30,NRmarshDN-12-07-14-10-30.jpg,21.75
12-07-14-14-15,NRmarshDN-12-07-14-14-15.jpg,37.25
12-07-14-17-15,NRmarshDN-12-07-14-17-15.jpg,74.75
12-07-14-20-31,NRmarshDN-12-07-14-20-31.jpg,70.25
12-07-14-22-46,NRmarshDN-12-07-14-22-46.jpg,37.25
12-07-15-01-01,NRmarshDN-12-07-15-01-01.jpg,20
12-07-15-04-00,NRmarshDN-12-07-15-04-00.jpg,46
12-07-15-05-15,NRmarshDN-12-07-15-05-15.jpg,58.5
12-07-15-08-30,NRmarshDN-12-07-15-08-30.jpg,40.75
12-07-15-11-15,NRmarshDN-12-07-15-11-15.jpg,18.75
12-07-15-15-15,NRmarshDN-12-07-15-15-15.jpg,35.75
12-07-15-17-51,NRmarshDN-12-07-15-17-51.jpg,71.25
12-07-15-20-30,NRmarshDN-12-07-15-20-30.jpg,76.75
12-07-15-23-00,NRmarshDN-12-07-15-23-00.jpg,39
12-07-16-04-15,NRmarshDN-12-07-16-04-15.jpg,32
12-07-16-07-30,NRmarshDN-12-07-16-07-30.jpg,58
12-07-16-09-30,NRmarshDN-12-07-16-09-30.jpg,38
12-07-16-15-45,NRmarshDN-12-07-16-15-45.jpg,27.75
12-07-16-18-45,NRmarshDN-12-07-16-18-45.jpg,69.75
12-07-16-21-30,NRmarshDN-12-07-16-21-30.jpg,63.25
12-07-17-00-15,NRmarshDN-12-07-17-00-15.jpg,26
12-07-17-05-00,NRmarshDN-12-07-17-05-00.jpg,24
12-07-17-08-00,NRmarshDN-12-07-17-08-00.jpg,67.25
12-07-17-10-00,NRmarshDN-12-07-17-10-00.jpg,37.25
12-07-17-12-16,NRmarshDN-12-07-17-12-16.jpg,27.75
12-07-17-17-45,NRmarshDN-12-07-17-17-45.jpg,43.5
12-07-17-19-31,NRmarshDN-12-07-17-19-31.jpg,69
12-07-17-22-30,NRmarshDN-12-07-17-22-30.jpg,68.25
12-07-18-01-00,NRmarshDN-12-07-18-01-00.jpg,28.75
12-07-18-06-45,NRmarshDN-12-07-18-06-45.jpg,36
12-07-18-08-15,NRmarshDN-12-07-18-08-15.jpg,54.5
12-07-18-11-15,NRmarshDN-12-07-18-11-15.jpg,34.5
12-07-18-18-30,NRmarshDN-12-07-18-18-30.jpg,40.5
12-07-18-21-15,NRmarshDN-12-07-18-21-15.jpg,74.75
12-07-18-23-15,NRmarshDN-12-07-18-23-15.jpg,62.75
12-07-19-02-00,NRmarshDN-12-07-19-02-00.jpg,24.25
12-07-19-09-00,NRmarshDN-12-07-19-09-00.jpg,52.75
12-07-19-11-45,NRmarshDN-12-07-19-11-45.jpg,39.5
12-07-19-14-45,NRmarshDN-12-07-19-14-45.jpg,18
12-07-19-18-30,NRmarshDN-12-07-19-18-30.jpg,30.5
12-07-19-21-01,NRmarshDN-12-07-19-21-01.jpg,67.5
12-07-20-00-01,NRmarshDN-12-07-20-00-01.jpg,58
12-07-20-01-45,NRmarshDN-12-07-20-01-45.jpg,34.25
12-07-20-07-30,NRmarshDN-12-07-20-07-30.jpg,23
12-07-20-09-45,NRmarshDN-12-07-20-09-45.jpg,58
12-07-20-12-47,NRmarshDN-12-07-20-12-47.jpg,47.5
12-07-20-14-30,NRmarshDN-12-07-20-14-30.jpg,30
12-07-20-18-45,NRmarshDN-12-07-20-18-45.jpg,25.75
12-07-20-22-00,NRmarshDN-12-07-20-22-00.jpg,73
12-07-21-00-15,NRmarshDN-12-07-21-00-15.jpg,72
12-07-21-02-45,NRmarshDN-12-07-21-02-45.jpg,30
12-07-21-07-45,NRmarshDN-12-07-21-07-45.jpg,22.25
12-07-21-10-30,NRmarshDN-12-07-21-10-30.jpg,66
12-07-21-13-15,NRmarshDN-12-07-21-13-15.jpg,52
12-07-21-15-00,NRmarshDN-12-07-21-15-00.jpg,27.75
12-07-21-20-30,NRmarshDN-12-07-21-20-30.jpg,51
12-07-21-23-15,NRmarshDN-12-07-21-23-15.jpg,80.75
12-07-22-02-15,NRmarshDN-12-07-22-02-15.jpg,64
12-07-22-04-15,NRmarshDN-12-07-22-04-15.jpg,33
12-07-22-07-00,NRmarshDN-12-07-22-07-00.jpg,22
12-07-22-09-30,NRmarshDN-12-07-22-09-30.jpg,64.5
12-07-22-11-30,NRmarshDN-12-07-22-11-30.jpg,81
12-07-22-14-30,NRmarshDN-12-07-22-14-30.jpg,62.25
12-07-22-16-45,NRmarshDN-12-07-22-16-45.jpg,30
12-07-22-21-00,NRmarshDN-12-07-22-21-00.jpg,55.25
12-07-22-23-45,NRmarshDN-12-07-22-23-45.jpg,83.25
12-07-23-03-15,NRmarshDN-12-07-23-03-15.jpg,65.5
12-07-23-05-00,NRmarshDN-12-07-23-05-00.jpg,34.25
12-07-23-08-00,NRmarshDN-12-07-23-08-00.jpg,21.5
12-07-23-10-00,NRmarshDN-12-07-23-10-00.jpg,55
12-07-23-12-30,NRmarshDN-12-07-23-12-30.jpg,80
12-07-23-15-15,NRmarshDN-12-07-23-15-15.jpg,61.5
12-07-23-17-30,NRmarshDN-12-07-23-17-30.jpg,36.75
12-07-23-19-45,NRmarshDN-12-07-23-19-45.jpg,26
12-07-23-22-30,NRmarshDN-12-07-23-22-30.jpg,55.5
12-07-24-01-15,NRmarshDN-12-07-24-01-15.jpg,78.25
12-07-24-03-30,NRmarshDN-12-07-24-03-30.jpg,59
12-07-24-05-30,NRmarshDN-12-07-24-05-30.jpg,31.5
12-07-24-10-45,NRmarshDN-12-07-24-10-45.jpg,51.5
12-07-24-13-30,NRmarshDN-12-07-24-13-30.jpg,81
12-07-24-16-02,NRmarshDN-12-07-24-16-02.jpg,67
12-07-24-18-30,NRmarshDN-12-07-24-18-30.jpg,26
